{
  "project_info": {
    "project_number": "400290172097",
    "project_id": "fir-app-8bc6b",
    "storage_bucket": "fir-app-8bc6b.appspot.com"
  },
  "client": [
    {
      "client_info": {
        "mobilesdk_app_id": "1:400290172097:android:f858a09d7fa2fba8365840",
        "android_client_info": {
          "package_name": "com.mohammedaltahir.firebase_setup_android"
        }
      },
      "oauth_client": [
        {
          "client_id": "400290172097-m2ipccgmlp54d86gpg6lkf29cj1gmbc3.apps.googleusercontent.com",
          "client_type": 3
        }
      ],
      "api_key": [
        {
          "current_key": "AIzaSyDSC8i4BMcIF1i4d9pPcTe55ON5PmEUrMs"
        }
      ],
      "services": {
        "appinvite_service": {
          "other_platform_oauth_client": [
            {
              "client_id": "400290172097-m2ipccgmlp54d86gpg6lkf29cj1gmbc3.apps.googleusercontent.com",
              "client_type": 3
            }
          ]
        }
      }
    }
  ],
  "configuration_version": "1"
}